phase,start_year,end_year
Industrial Seeding,2050.0,2050.1666666666665
Capacity Self-Replication,2050.1666666666665,2053.6666666666665
Urban Habitation Expansion,2053.6666666666665,2087.1666666666665
