{
  "scenario": "E-only",
  "objective_value": -117236201643.23819,
  "total_cost_usd": 460543090.2571082,
  "duration_months": 447,
  "duration_years": 37.25,
  "completion_year": 2087.25,
  "target_mass_tons": 100000000.0,
  "earth_arrivals_total_tons": 20000000.0,
  "rocket_arrivals_total_tons": 0.0,
  "elevator_arrivals_total_tons": 20000000.0,
  "rocket_trips_total": 0,
  "isru_production_total_tons": 79999999.99999999,
  "isru_share_end": 0.7999999999999999,
  "seed_mass_tons": 89500.0,
  "seed_rocket_tons": 0.0,
  "seed_elevator_tons": 134250.0,
  "bootstrap_transition_year": 2050.1666666666665,
  "replication_end_year": null,
  "urban_start_year": 2053.6666666666665,
  "phases": [
    {
      "phase": "Industrial Seeding",
      "start_year": 2050.0,
      "end_year": 2050.1666666666665
    },
    {
      "phase": "Capacity Self-Replication",
      "start_year": 2050.1666666666665,
      "end_year": 2053.6666666666665
    },
    {
      "phase": "Urban Habitation Expansion",
      "start_year": 2053.6666666666665,
      "end_year": 2087.1666666666665
    }
  ]
}