{
  "scenario": "Mix",
  "objective_value": -123435138838.05208,
  "total_cost_usd": 1029524407.7853519,
  "duration_months": 306,
  "duration_years": 25.5,
  "completion_year": 2075.5,
  "target_mass_tons": 100000000.0,
  "earth_arrivals_total_tons": 19999999.999999996,
  "rocket_arrivals_total_tons": 6325908.350758794,
  "elevator_arrivals_total_tons": 13674091.649241218,
  "rocket_trips_total": 32047.0,
  "isru_production_total_tons": 80000000.00000001,
  "isru_share_end": 0.8,
  "seed_mass_tons": 113945.5538054383,
  "seed_rocket_tons": 36445.55380543831,
  "seed_elevator_tons": 134250.0,
  "bootstrap_transition_year": 2050.1666666666665,
  "replication_end_year": null,
  "urban_start_year": 2052.8333333333335,
  "phases": [
    {
      "phase": "Industrial Seeding",
      "start_year": 2050.0,
      "end_year": 2050.1666666666665
    },
    {
      "phase": "Capacity Self-Replication",
      "start_year": 2050.1666666666665,
      "end_year": 2052.8333333333335
    },
    {
      "phase": "Urban Habitation Expansion",
      "start_year": 2052.8333333333335,
      "end_year": 2075.4166666666665
    }
  ]
}