{
  "scenario": "Mix",
  "objective_value": -94103632256.27217,
  "total_cost_usd": 1300948986.700957,
  "duration_months": 594,
  "duration_years": 49.5,
  "completion_year": 2099.5,
  "target_mass_tons": 100000000.0,
  "earth_arrivals_total_tons": 20000000.00000012,
  "rocket_arrivals_total_tons": 11164188.788842356,
  "elevator_arrivals_total_tons": 8835811.211157652,
  "rocket_trips_total": 67282.0,
  "isru_production_total_tons": 79999999.99999978,
  "isru_share_end": 0.7999999999999986,
  "seed_mass_tons": 54278.88713877164,
  "seed_rocket_tons": 36445.553805438314,
  "seed_elevator_tons": 44750.0,
  "bootstrap_transition_year": 2050.1666666666665,
  "replication_end_year": null,
  "urban_start_year": 2055.5833333333335,
  "phases": [
    {
      "phase": "Industrial Seeding",
      "start_year": 2050.0,
      "end_year": 2050.1666666666665
    },
    {
      "phase": "Capacity Self-Replication",
      "start_year": 2050.1666666666665,
      "end_year": 2055.5833333333335
    },
    {
      "phase": "Urban Habitation Expansion",
      "start_year": 2055.5833333333335,
      "end_year": 2099.4166666666665
    }
  ]
}