phase,start_year,end_year
Industrial Seeding,2050.0,2050.1666666666665
Capacity Self-Replication,2050.1666666666665,2059.8333333333335
Urban Habitation Expansion,2059.8333333333335,2111.4166666666665
