{
  "scenario": "R-only",
  "objective_value": -97679605426.14767,
  "total_cost_usd": 2012759847.1981206,
  "duration_months": 738,
  "duration_years": 61.5,
  "completion_year": 2111.5,
  "target_mass_tons": 100000000.0,
  "earth_arrivals_total_tons": 20000000.000000037,
  "rocket_arrivals_total_tons": 20000000.000000037,
  "elevator_arrivals_total_tons": 0.0,
  "rocket_trips_total": 85138.0,
  "isru_production_total_tons": 80000000.00000015,
  "isru_share_end": 0.8,
  "seed_mass_tons": 24445.55380543831,
  "seed_rocket_tons": 36445.553805438314,
  "seed_elevator_tons": 0.0,
  "bootstrap_transition_year": 2050.1666666666665,
  "replication_end_year": null,
  "urban_start_year": 2059.8333333333335,
  "phases": [
    {
      "phase": "Industrial Seeding",
      "start_year": 2050.0,
      "end_year": 2050.1666666666665
    },
    {
      "phase": "Capacity Self-Replication",
      "start_year": 2050.1666666666665,
      "end_year": 2059.8333333333335
    },
    {
      "phase": "Urban Habitation Expansion",
      "start_year": 2059.8333333333335,
      "end_year": 2111.4166666666665
    }
  ]
}