{
  "n_runs": 1000,
  "completion_year": {
    "mean": 2077.3793333333333,
    "std": 0.041440720714302715,
    "min": 2077.3333333333335,
    "max": 2077.4166666666665,
    "median": 2077.4166666666665,
    "p5": 2077.3333333333335,
    "p95": 2077.4166666666665
  },
  "total_cost_usd": {
    "mean": 1205002647930.8096,
    "std": 1233331719.3697627,
    "min": 1201307315524.2998,
    "max": 1209486771964.6094,
    "median": 1204941456960.2905,
    "p5": 1203044645869.2615,
    "p95": 1207118935533.8308
  },
  "rocket_losses_tons": {
    "mean": 95115.92310195402,
    "std": 4442.273088530151,
    "total_max": 110212.89074156305
  },
  "deterministic_baseline": {
    "completion_step": 305,
    "completion_year": 2075.4166666666665
  }
}